{
    "escenario_0_h1-C10-vm2_20250624-121304.log": 0.020211,
    "escenario_0_h20-C10-vm1_20250624-121304.log": 1.405895,
    "escenario_0_h40-C30-vm1_20250624-121304.log": 1.935,
    "escenario_1_h1-C10-vm2_20250624-121402.log": 0.021842,
    "escenario_1_h20-C10-vm1_20250624-121402.log": 0.532579,
    "escenario_1_h40-C30-vm1_20250624-121402.log": 1.130316,
    "escenario_2_h1-C10-vm2_20250624-121506.log": 0.014789,
    "escenario_2_h20-C10-vm1_20250624-121506.log": 0.330947,
    "escenario_2_h40-C30-vm1_20250624-121506.log": 0.591526
}