{
    "escenario_0_h1-C10-vm2_20250624-120812.log": 0.028579,
    "escenario_0_h20-C10-vm1_20250624-120812.log": 1.157895,
    "escenario_0_h40-C30-vm1_20250624-120812.log": 1.192632,
    "escenario_1_h1-C10-vm2_20250624-120909.log": 0.012,
    "escenario_1_h20-C10-vm1_20250624-120909.log": 0.672105,
    "escenario_1_h40-C30-vm1_20250624-120909.log": 0.716842,
    "escenario_2_h1-C10-vm2_20250624-121013.log": 0.037632,
    "escenario_2_h20-C10-vm1_20250624-121013.log": 0.558947,
    "escenario_2_h40-C30-vm1_20250624-121013.log": 0.547895
}